EventID,CoaTime,TRIG_COA,COA_X,COA_Y,COA_Z,COA,COA_NORM
20140629184210336,2014-06-29T18:42:10.336000Z,2.22654,-17.222966,64.330243,-0.51,4.1489,2.22654
