EventID,CoaTime,TRIG_COA,COA_X,COA_Y,COA_Z,COA,COA_NORM
20140629184210342,2014-06-29T18:42:10.342000Z,3.08736,-17.220875,64.329626,-0.515,2.94261,3.08736
